{
  "experiment": "exp_1_3_qber",
  "timestamp": "2025-12-07T02:41:14.464251",
  "tests": [
    {
      "name": "ideal_v1.0",
      "results": {
        "params": {
          "visibility": 1.0,
          "n_pairs": 10000,
          "sample_fraction": 0.15,
          "confidence": 0.95,
          "seed": 42
        },
        "sifting": {
          "n_sifted": 4620,
          "sifting_rate": 0.5112316034082107
        },
        "expected_qber": 0.0,
        "qber_estimate": {
          "qber": 0.0,
          "ci_lower": 0,
          "ci_upper": 0.0055126726058969755,
          "ci_width": 0.0027563363029484878,
          "n_sample": 693,
          "n_errors": 0,
          "confidence": 0.95,
          "remaining_bits": 3927
        },
        "qber_in_ci": "True",
        "security_checks": {
          "bb84": {
            "protocol": "bb84",
            "threshold": 0.11,
            "qber": 0.0,
            "qber_upper_bound": 0.0055126726058969755,
            "is_secure": "True",
            "margin": 0.10448732739410302,
            "margin_percent": 94.98847944918455,
            "recommendation": "PROCEED"
          },
          "e91": {
            "protocol": "e91",
            "threshold": 0.11,
            "qber": 0.0,
            "qber_upper_bound": 0.0055126726058969755,
            "is_secure": "True",
            "margin": 0.10448732739410302,
            "margin_percent": 94.98847944918455,
            "recommendation": "PROCEED"
          },
          "device_independent": {
            "protocol": "device_independent",
            "threshold": 0.071,
            "qber": 0.0,
            "qber_upper_bound": 0.0055126726058969755,
            "is_secure": "True",
            "margin": 0.06548732739410301,
            "margin_percent": 92.23567238606059,
            "recommendation": "PROCEED"
          },
          "practical": {
            "protocol": "practical",
            "threshold": 0.08,
            "qber": 0.0,
            "qber_upper_bound": 0.0055126726058969755,
            "is_secure": "True",
            "margin": 0.07448732739410302,
            "margin_percent": 93.10915924262876,
            "recommendation": "PROCEED"
          }
        },
        "secrecy_capacity": {
          "bb84": 1.0,
          "device_independent": 0.0,
          "chsh_value": 2.886104413398577
        },
        "key_bits_remaining": 3927
      },
      "validation": {
        "passed": true,
        "checks": [
          {
            "name": "qber_in_confidence_interval",
            "expected": "0.00% in CI",
            "actual": "0.00% [0.00%, 0.55%]",
            "passed": "True"
          },
          {
            "name": "qber_accuracy",
            "expected": "0.00% +/- 3%",
            "actual": "0.00%",
            "passed": true
          },
          {
            "name": "security_determination",
            "expected": "SECURE for E91",
            "actual": "SECURE",
            "passed": "True"
          },
          {
            "name": "positive_secrecy_capacity",
            "expected": "r > 0",
            "actual": "r = 1.0000",
            "passed": true
          }
        ]
      }
    },
    {
      "name": "low_noise_v0.96",
      "results": {
        "params": {
          "visibility": 0.96,
          "n_pairs": 10000,
          "sample_fraction": 0.15,
          "confidence": 0.95,
          "seed": 43
        },
        "sifting": {
          "n_sifted": 4421,
          "sifting_rate": 0.49089495891627805
        },
        "expected_qber": 0.020000000000000018,
        "qber_estimate": {
          "qber": 0.021116138763197588,
          "ci_lower": 0.012619389585774772,
          "ci_upper": 0.03513027924406312,
          "ci_width": 0.011255444829144172,
          "n_sample": 663,
          "n_errors": 14,
          "confidence": 0.95,
          "remaining_bits": 3758
        },
        "qber_in_ci": "True",
        "security_checks": {
          "bb84": {
            "protocol": "bb84",
            "threshold": 0.11,
            "qber": 0.021116138763197588,
            "qber_upper_bound": 0.03513027924406312,
            "is_secure": "True",
            "margin": 0.07486972075593688,
            "margin_percent": 68.06338250539717,
            "recommendation": "PROCEED"
          },
          "e91": {
            "protocol": "e91",
            "threshold": 0.11,
            "qber": 0.021116138763197588,
            "qber_upper_bound": 0.03513027924406312,
            "is_secure": "True",
            "margin": 0.07486972075593688,
            "margin_percent": 68.06338250539717,
            "recommendation": "PROCEED"
          },
          "device_independent": {
            "protocol": "device_independent",
            "threshold": 0.071,
            "qber": 0.021116138763197588,
            "qber_upper_bound": 0.03513027924406312,
            "is_secure": "True",
            "margin": 0.035869720755936876,
            "margin_percent": 50.52073345906603,
            "recommendation": "PROCEED"
          },
          "practical": {
            "protocol": "practical",
            "threshold": 0.08,
            "qber": 0.021116138763197588,
            "qber_upper_bound": 0.03513027924406312,
            "is_secure": "True",
            "margin": 0.044869720755936884,
            "margin_percent": 56.087150944921106,
            "recommendation": "PROCEED"
          }
        },
        "secrecy_capacity": {
          "bb84": 0.7046753954316791,
          "device_independent": 0.0,
          "chsh_value": 2.8386695517782066
        },
        "key_bits_remaining": 3758
      },
      "validation": {
        "passed": "True",
        "checks": [
          {
            "name": "qber_in_confidence_interval",
            "expected": "2.00% in CI",
            "actual": "2.11% [1.26%, 3.51%]",
            "passed": "True"
          },
          {
            "name": "qber_accuracy",
            "expected": "2.00% +/- 3%",
            "actual": "2.11%",
            "passed": true
          },
          {
            "name": "security_determination",
            "expected": "SECURE for E91",
            "actual": "SECURE",
            "passed": "True"
          },
          {
            "name": "positive_secrecy_capacity",
            "expected": "r > 0",
            "actual": "r = 0.7047",
            "passed": "True"
          }
        ]
      }
    },
    {
      "name": "moderate_noise_v0.90",
      "results": {
        "params": {
          "visibility": 0.9,
          "n_pairs": 10000,
          "sample_fraction": 0.15,
          "confidence": 0.95,
          "seed": 44
        },
        "sifting": {
          "n_sifted": 4491,
          "sifting_rate": 0.49938841321027466
        },
        "expected_qber": 0.04999999999999999,
        "qber_estimate": {
          "qber": 0.04457652303120357,
          "ci_lower": 0.03140058535082686,
          "ci_upper": 0.06292203331962123,
          "ci_width": 0.015760723984397183,
          "n_sample": 673,
          "n_errors": 30,
          "confidence": 0.95,
          "remaining_bits": 3818
        },
        "qber_in_ci": "True",
        "security_checks": {
          "bb84": {
            "protocol": "bb84",
            "threshold": 0.11,
            "qber": 0.04457652303120357,
            "qber_upper_bound": 0.06292203331962123,
            "is_secure": "True",
            "margin": 0.047077966680378766,
            "margin_percent": 42.79815152761706,
            "recommendation": "PROCEED"
          },
          "e91": {
            "protocol": "e91",
            "threshold": 0.11,
            "qber": 0.04457652303120357,
            "qber_upper_bound": 0.06292203331962123,
            "is_secure": "True",
            "margin": 0.047077966680378766,
            "margin_percent": 42.79815152761706,
            "recommendation": "PROCEED"
          },
          "device_independent": {
            "protocol": "device_independent",