{
  "experiment": "exp_2_2_t1t2_decay",
  "timestamp": "2025-12-07T03:19:10.324491",
  "tests": {
    "t2_sweep": {
      "type": "t2_sweep",
      "T1_fixed": 200.0,
      "results": [
        {
          "T1_us": 200.0,
          "T2_us": 0.5,
          "result": {
            "T1_us": 200.0,
            "T2_us": 0.5,
            "gate_time_1q_ns": 35.0,
            "gate_time_2q_ns": 300.0,
            "n_pairs": 8000,
            "n_sifted": 3515,
            "sifting_rate": 0.489349853821523,
            "chsh_value": 1.7528379110692793,
            "chsh_std": 0.11872923497886224,
            "chsh_violation": false,
            "qber": 0.18233618233618235,
            "qber_ci": 0.04032181333115687,
            "t1_gate_ratio": 540.5405405405405,
            "t2_gate_ratio": 1.3513513513513513,
            "coherence_factor": 0.4771139155210344
          }
        },
        {
          "T1_us": 200.0,
          "T2_us": 1.0,
          "result": {
            "T1_us": 200.0,
            "T2_us": 1.0,
            "gate_time_1q_ns": 35.0,
            "gate_time_2q_ns": 300.0,
            "n_pairs": 8000,
            "n_sifted": 3611,
            "sifting_rate": 0.5008321775312067,
            "chsh_value": 2.2680771332234717,
            "chsh_std": 0.11496448046297811,
            "chsh_violation": true,
            "qber": 0.12465373961218837,
            "qber_ci": 0.03412485150116645,
            "t1_gate_ratio": 540.5405405405405,
            "t2_gate_ratio": 2.7027027027027026,
            "coherence_factor": 0.6907343306373547
          }
        },
        {
          "T1_us": 200.0,
          "T2_us": 2.0,
          "result": {
            "T1_us": 200.0,
            "T2_us": 2.0,
            "gate_time_1q_ns": 35.0,
            "gate_time_2q_ns": 300.0,
            "n_pairs": 8000,
            "n_sifted": 3546,
            "sifting_rate": 0.49215822345593335,
            "chsh_value": 2.4071414625885046,
            "chsh_std": 0.11314113639002209,
            "chsh_violation": true,
            "qber": 0.059322033898305086,
            "qber_ci": 0.024928476184735746,
            "t1_gate_ratio": 540.5405405405405,
            "t2_gate_ratio": 5.405405405405405,
            "coherence_factor": 0.8311042838521256
          }
        },
        {
          "T1_us": 200.0,
          "T2_us": 5.0,
          "result": {
            "T1_us": 200.0,
            "T2_us": 5.0,
            "gate_time_1q_ns": 35.0,
            "gate_time_2q_ns": 300.0,
            "n_pairs": 8000,
            "n_sifted": 3485,
            "sifting_rate": 0.48456618464961065,
            "chsh_value": 2.595100428523704,
            "chsh_std": 0.10679271835760787,
            "chsh_violation": true,
            "qber": 0.022988505747126436,
            "qber_ci": 0.016502915826857995,
            "t1_gate_ratio": 540.5405405405405,
            "t2_gate_ratio": 13.513513513513514,
            "coherence_factor": 0.9286716938412872
          }
        },
        {
          "T1_us": 200.0,
          "T2_us": 10.0,
          "result": {
            "T1_us": 200.0,
            "T2_us": 10.0,
            "gate_time_1q_ns": 35.0,
            "gate_time_2q_ns": 300.0,
            "n_pairs": 8000,
            "n_sifted": 3635,
            "sifting_rate": 0.5030445613063936,
            "chsh_value": 2.6032509189844713,
            "chsh_std": 0.10877804877895926,
            "chsh_violation": true,
            "qber": 0.024793388429752067,
            "qber_ci": 0.016671983210890664,
            "t1_gate_ratio": 540.5405405405405,
            "t2_gate_ratio": 27.027027027027028,
            "coherence_factor": 0.9636761353490535
          }
        },
        {
          "T1_us": 200.0,
          "T2_us": 20.0,
          "result": {
            "T1_us": 200.0,
            "T2_us": 20.0,
            "gate_time_1q_ns": 35.0,
            "gate_time_2q_ns": 300.0,
            "n_pairs": 8000,
            "n_sifted": 3654,
            "sifting_rate": 0.5104064813521442,
            "chsh_value": 2.7586602829291973,
            "chsh_std": 0.09972929181495246,
            "chsh_violation": true,
            "qber": 0.0027397260273972603,
            "qber_ci": 0.0074348653731694326,
            "t1_gate_ratio": 540.5405405405405,
            "t2_gate_ratio": 54.054054054054056,
            "coherence_factor": 0.9816700745917915
          }
        },
        {
          "T1_us": 200.0,
          "T2_us": 50.0,
          "result": {
            "T1_us": 200.0,
            "T2_us": 50.0,
            "gate_time_1q_ns": 35.0,
            "gate_time_2q_ns": 300.0,
            "n_pairs": 8000,
            "n_sifted": 3524,
            "sifting_rate": 0.4919039642657733,
            "chsh_value": 2.9450938789256544,
            "chsh_std": 0.09349728773994113,
            "chsh_violation": true,
            "qber": 0.002840909090909091,
            "qber_ci": 0.007706285065134081,
            "t1_gate_ratio": 540.5405405405405,
            "t2_gate_ratio": 135.13513513513513,
            "coherence_factor": 0.9926273125874261
          }
        },
        {
          "T1_us": 200.0,
          "T2_us": 100.0,
          "result": {
            "T1_us": 200.0,
            "T2_us": 100.0,
            "gate_time_1q_ns": 35.0,
            "gate_time_2q_ns": 300.0,
            "n_pairs": 8000,
            "n_sifted": 3635,
            "sifting_rate": 0.5045807884508606,
            "chsh_value": 2.855230819347053,
            "chsh_std": 0.09948050621528802,
            "chsh_violation": true,
            "qber": 0.0,
            "qber_ci": 0.005235856973532216,
            "t1_gate_ratio": 540.5405405405405,
            "t2_gate_ratio": 270.27027027027026,
            "coherence_factor": 0.9963068365656366
          }
        },
        {
          "T1_us": 200.0,
          "T2_us": 200.0,
          "result": {
            "T1_us": 200.0,
            "T2_us": 200.0,
            "gate_time_1q_ns": 35.0,
            "gate_time_2q_ns": 300.0,
            "n_pairs": 8000,
            "n_sifted": 3640,
            "sifting_rate": 0.5055555555555555,
            "chsh_value": 2.8241076053094196,
            "chsh_std": 0.09998199762476069,
            "chsh_violation": true,
            "qber": 0.0027472527472527475,
            "qber_ci": 0.007455063187711131,
            "t1_gate_ratio": 540.5405405405405,
            "t2_gate_ratio": 540.5405405405405,
            "coherence_factor": 0.9981517101952171
          }
        }
      ]
    },
    "t1_sweep": {
      "type": "t1_sweep",
      "T2_fixed": 100.0,
      "results": [
        {
          "T1_us": 50.0,
          "T2_us": 100.0,
          "result": {
            "T1_us": 50.0,
            "T2_us": 100.0,
            "gate_time_1q_ns": 35.0,
            "gate_time_2q_ns": 300.0,
            "n_pairs": 8000,
            "n_sifted": 3616,
            "sifting_rate": 0.498827424472341,
            "chsh_value": 2.9918818123212962,
            "chsh_std": 0.09637646403843289,
            "chsh_violation": true,
            "qber": 0.008310249307479225,
            "qber_ci": 0.010657128975455543,
            "t1_gate_ratio": 135.13513513513513,
            "t2_gate_ratio": 270.27027027027026,
            "coherence_factor": 0.9963068365656366
          }
        },
        {
          "T1_us": 75.0,
          "T2_us": 100.0,
          "result": {
            "T1_us": 75.0,
            "T2_us": 100.0,
            "gate_time_1q_ns": 35.0,
            "gate_time_2q_ns": 300.0,
            "n_pairs": 8000,
            "n_sifted": 3501,
            "sifting_rate": 0.4863175441033477,
            "chsh_value": 2.829206236585077,
            "chsh_std": 0.09992483301947741,
            "chsh_violation": true,
            "qber": 0.005714285714285714,
            "qber_ci": 0.009512004731220877,
            "t1_gate_ratio": 202.7027027027027,
            "t2_gate_ratio": 270.27027027027026,