{
  "experiment": "exp_2_4_eve_attack",
  "timestamp": "2025-12-07T03:31:37.487151",
  "tests": {
    "intercept_resend_sweep": {
      "type": "intercept_resend_sweep",
      "results": [
        {
          "attack_type": "intercept_resend",
          "attack_strength": 0.0,
          "n_pairs": 12000,
          "n_sifted": 5523,
          "sifting_rate": 0.5096428900987359,
          "chsh_value": 2.90936009459584,
          "chsh_std": 0.08059935623542885,
          "chsh_violation": true,
          "qber": 0.0,
          "qber_ci": 0.0034555346310838255,
          "eve_info_bits": 0.0,
          "detected": false,
          "detection_method": "Not detected",
          "qber_theory": 0.0,
          "chsh_theory": 2.8284271247461903,
          "eve_info_theory": 0.0
        },
        {
          "attack_type": "intercept_resend",
          "attack_strength": 0.1,
          "n_pairs": 12000,
          "n_sifted": 5394,
          "sifting_rate": 0.5,
          "chsh_value": 2.5380212771840265,
          "chsh_std": 0.08855803957681094,
          "chsh_violation": true,
          "qber": 0.03153988868274583,
          "qber_ci": 0.015071321655765156,
          "eve_info_bits": 0.05,
          "detected": false,
          "detection_method": "Not detected",
          "qber_theory": 0.025,
          "chsh_theory": 2.6870057685088806,
          "eve_info_theory": 0.05
        },
        {
          "attack_type": "intercept_resend",
          "attack_strength": 0.2,
          "n_pairs": 12000,
          "n_sifted": 5362,
          "sifting_rate": 0.4940569427807979,
          "chsh_value": 2.226031014621179,
          "chsh_std": 0.09844240303545218,
          "chsh_violation": true,
          "qber": 0.03917910447761194,
          "qber_ci": 0.016692052046450623,
          "eve_info_bits": 0.1,
          "detected": false,
          "detection_method": "Not detected",
          "qber_theory": 0.05,
          "chsh_theory": 2.5455844122715714,
          "eve_info_theory": 0.1
        },
        {
          "attack_type": "intercept_resend",
          "attack_strength": 0.3,
          "n_pairs": 12000,
          "n_sifted": 5368,
          "sifting_rate": 0.4975437946056168,
          "chsh_value": 1.9521433248420812,
          "chsh_std": 0.10029398002809674,
          "chsh_violation": false,
          "qber": 0.07276119402985075,
          "qber_ci": 0.0221208344973296,
          "eve_info_bits": 0.15,
          "detected": true,
          "detection_method": "CHSH violation lost",
          "qber_theory": 0.075,
          "chsh_theory": 2.4041630560342617,
          "eve_info_theory": 0.15
        },
        {
          "attack_type": "intercept_resend",
          "attack_strength": 0.4,
          "n_pairs": 12000,
          "n_sifted": 5422,
          "sifting_rate": 0.500646352723915,
          "chsh_value": 1.5457630290457038,
          "chsh_std": 0.10778611179098946,
          "chsh_violation": false,
          "qber": 0.11808118081180811,
          "qber_ci": 0.027205048652224745,
          "eve_info_bits": 0.2,
          "detected": true,
          "detection_method": "CHSH violation lost",
          "qber_theory": 0.1,
          "chsh_theory": 2.2627416997969525,
          "eve_info_theory": 0.2
        },
        {
          "attack_type": "intercept_resend",
          "attack_strength": 0.5,
          "n_pairs": 12000,
          "n_sifted": 5370,
          "sifting_rate": 0.5000931272117712,
          "chsh_value": 1.3864733477736575,
          "chsh_std": 0.10539789041157713,
          "chsh_violation": false,
          "qber": 0.1303538175046555,
          "qber_ci": 0.028496885420943443,
          "eve_info_bits": 0.25,
          "detected": true,
          "detection_method": "CHSH violation lost",
          "qber_theory": 0.125,
          "chsh_theory": 2.121320343559643,
          "eve_info_theory": 0.25
        },
        {
          "attack_type": "intercept_resend",
          "attack_strength": 0.6,
          "n_pairs": 12000,
          "n_sifted": 5445,
          "sifting_rate": 0.5048210643426664,
          "chsh_value": 0.9491175534260554,
          "chsh_std": 0.11137171232292195,
          "chsh_violation": false,
          "qber": 0.1636029411764706,
          "qber_ci": 0.031065476060758542,
          "eve_info_bits": 0.3,
          "detected": true,
          "detection_method": "CHSH violation lost",
          "qber_theory": 0.15,
          "chsh_theory": 1.9798989873223332,
          "eve_info_theory": 0.3
        },
        {
          "attack_type": "intercept_resend",
          "attack_strength": 0.8,
          "n_pairs": 12000,
          "n_sifted": 5374,
          "sifting_rate": 0.49819226847130804,
          "chsh_value": 0.5824816695092011,
          "chsh_std": 0.11367807340030112,
          "chsh_violation": false,
          "qber": 0.1973929236499069,
          "qber_ci": 0.033613986785018445,
          "eve_info_bits": 0.4,
          "detected": true,
          "detection_method": "CHSH violation lost",
          "qber_theory": 0.2,
          "chsh_theory": 1.697056274847714,
          "eve_info_theory": 0.4
        },
        {
          "attack_type": "intercept_resend",
          "attack_strength": 1.0,
          "n_pairs": 12000,
          "n_sifted": 5489,
          "sifting_rate": 0.506412030630132,
          "chsh_value": 0.010358339502373972,
          "chsh_std": 0.11745165019253109,
          "chsh_violation": false,
          "qber": 0.2664233576642336,
          "qber_ci": 0.03692082363054194,
          "eve_info_bits": 0.5,
          "detected": true,
          "detection_method": "CHSH violation lost",
          "qber_theory": 0.25,
          "chsh_theory": 1.4142135623730951,
          "eve_info_theory": 0.5
        }
      ]
    },
    "decorrelation_sweep": {
      "type": "decorrelation_sweep",
      "results": [
        {
          "strength": 0.0,
          "qber": 0.0,
          "qber_theory": 0.0,
          "chsh_value": 2.8983211270734612,
          "chsh_theory": 2.8284271247461903,
          "chsh_violation": true,
          "detected": false,
          "detection_method": "Not detected"
        },
        {
          "strength": 0.1,
          "qber": 0.03717472118959108,
          "qber_theory": 0.05,
          "chsh_value": 2.6695522299704413,
          "chsh_theory": 2.5455844122715714,
          "chsh_violation": true,
          "detected": false,
          "detection_method": "Not detected"
        },
        {
          "strength": 0.2,
          "qber": 0.0825515947467167,
          "qber_theory": 0.1,
          "chsh_value": 1.9995424334205254,
          "chsh_theory": 2.2627416997969525,
          "chsh_violation": false,
          "detected": true,
          "detection_method": "CHSH violation lost"
        },
        {
          "strength": 0.3,
          "qber": 0.1425925925925926,
          "qber_theory": 0.15,
          "chsh_value": 2.018503074417965,
          "chsh_theory": 1.9798989873223332,
          "chsh_violation": true,
          "detected": true,
          "detection_method": "QBER threshold exceeded"
        },
        {
          "strength": 0.4,
          "qber": 0.19444444444444445,
          "qber_theory": 0.2,
          "chsh_value": 1.4881585126043293,
          "chsh_theory": 1.697056274847714,
          "chsh_violation": false,
          "detected": true,
          "detection_method": "CHSH violation lost"
        },
        {
          "strength": 0.5,
          "qber": 0.25139664804469275,
          "qber_theory": 0.25,
          "chsh_value": 1.3405333418633911,
          "chsh_theory": 1.4142135623730951,
          "chsh_violation": false,
          "detected": true,
          "detection_method": "CHSH violation lost"
        }
      ]
    },
    "cloning_attack": {
      "type": "cloning_attack",
      "results": [
        {
          "fidelity": 1.0,
          "qber": 0.0,
          "qber_theory": 0.0,